{
    "throughput": 2.8741095,
    "avgRespTime": 10276.054,
    "avgWaitTime": 10.09375,
    "avgNumInServ": 29.505493,
    "avgTTFT": 56.063286,
    "avgITL": 19.99998,
    "maxRPS": 3.8208232,
    "RPSTargetTTFT": 2.910594,
    "RPSTargetITL": 2.8741095
}