{
    "throughput": 3,
    "avgRespTime": 10568.446,
    "avgWaitTime": 28.27539,
    "avgNumInServ": 31.620514,
    "avgTTFT": 75.31746,
    "avgITL": 20.534498,
    "maxRPS": 3.8208232,
    "RPSTargetTTFT": 0,
    "RPSTargetITL": 0
}